fileId,Lang
001bee54,2
00293990,2
00a2049b,1
00b1dc48,2
00c05eaa,5
0138c7b0,5
013d7a40,4
016996d7,4
019986a7,1
01a8c84f,1
01ddceb9,5
020325e6,1
021e4931,5
029948d1,4
02ee7959,4
03299482,1
032addf5,1
03a30a00,6
03e4f0db,4
042b9211,6
04a99990,4
05e62de5,5
06501b4d,1
0663a3c5,4
06a2f82f,6
06aa0f5f,1
06f649ad,1
073304e0,2
0763c27f,1
0767402b,5
07ca9251,1
081b9a69,1
0828c40c,2
082dd676,1
08389095,5
08cfd54f,6
08fcc2bb,1
090cd776,1
097ab561,2
09988c03,6
0a30e15a,1
0a7e2e0f,4
0a8af35f,2
0b49af9a,5
0b56f57c,4
0b941206,2
0bda545d,5
0bdab8a4,6
0c53b9ea,1
0c68b839,3
0c96a067,1
0cc24336,1
0cebf23c,2
0d4d2465,4
0d985f30,3
0dda934e,6
0e4d1519,6
0f0a3978,6
0f41f15a,1
0f48e218,5
0fea02ab,1
0ff875ae,2
0ff95c4f,4
1101666f,5
1188a9f9,3
11c2de12,2
121bc1a6,5
124ffb14,5
12795c15,6
127b1a1e,5
129c50be,2
12bad897,5
12d87060,1
12e1b4e1,2
13067c5f,2
1314cafa,2
131f0636,2
13f9b9c1,3
13fc2362,5
140119e9,1
144fe3c7,1
1465b88e,6
14ab2440,1
14c260c5,6
1566f562,2
156b8fa5,4
15f4322b,1
16523e4e,4
165e929f,5
1676311e,5
16d93a50,1
17113a64,3
17510cbe,5
17db5cf2,6
17dec9f5,6
1818982a,1
18eacac2,2
1977b986,1
19f26575,5
19fae2e9,1
1a59573e,1
1ab2eafd,5
1ad237e1,1
1af05453,1
1b20b603,1
1be99a4b,5
1c10ac1c,6
1c29e4e6,4
1c457ddd,5
1ca41e91,4
1d1b78e0,1
1e46fd5b,2
1f01e0a5,5
1f8f039e,3
2046c827,3
2114c427,3
2116e011,4
2178d860,5
2198b60f,6
21b478dd,6
21e013e7,1
22126ac5,6
224c9fb5,3
22529509,5
225ca7bb,1
22f72cda,4
2361e20b,6
23baa93c,5
23f6fc8f,2
2416c1b8,1
24802796,5
24b942cb,1
250caf50,4
2560a058,6
256ff30d,5
26134a86,1
266668c8,2
26ef85d2,6
26f8eb5f,4
271d31fb,1
2743643a,5
2751a7eb,1
27908ff5,1
27ebd1ab,4
281bba71,4
2831cd39,1
283dfcd1,1
28cfb4fc,1
28df7e8e,6
28f55ee4,6
28f77a8d,2
2906cf9f,1
2917608e,1
29565406,5
29ada446,5
29ef451c,4
29f7b054,1
2a7a6c10,2
2a970b93,2
2abe848e,2
2addbcd4,1
2b3289df,6
2b5c67e7,4
2b7d8087,1
2bbacb05,2
2c1394ea,1
2cdc429f,1
2d51ef33,5
2d5e5d75,5
2e3e2166,1
2eb1d658,1
2ee1499e,1
304152d8,5
3050bac7,2
30560c09,1
30600380,1
30a14fe0,1
30fb8f87,5
3156bd6f,6
317a36a6,5
319c1403,2
31f3bc18,4
32e97923,6
334e0daf,5
3353b955,2
3408d7a5,2
342ab746,5
3458f7de,5
3472d54a,4
34884151,6
349a21a6,2
34f78e2b,2
35059a18,6
35bfc6e6,6
3661653a,5
368bdb58,2
36feef8e,5
37364ce7,1
37e86ddb,5
3865fa4e,4
386b9438,4
387541ff,1
388aefa3,5
388af3a1,1
38b782aa,1
38ba2c08,6
38c183eb,5
38c42eb5,5
3976261d,5
3a18baef,5
3a1c2236,1
3aabc6e4,4
3b166409,1
3b19461c,5
3b4949cc,2
3b5a943b,1
3b965fc9,2
3b9db2c4,2
3c42b734,1
3ca0184a,1
3ccd1313,1
3dc6d7a6,6
3dca7a71,5
3dddaa0e,5
3e2636ab,5
3e271901,1
3e7b7e21,2
3ea5aec2,5
3eae6fa0,1
3ec10269,5
3f4805ac,5
3f83ccb3,1
3f84d3f8,2
3fac7543,5
3feced56,2
407a5547,1
40bc3dc5,1
40e4c8c2,6
416ea27d,5
4171230f,6
41b472ec,3
4211ef62,5
42662552,5
42b4a75a,4
42da2082,5
42fefaca,4
43aa675a,1
43ada58d,1
43c7cc97,1
44309a83,1
44314a1c,4
443c1b15,4
44572440,2
447091ba,4
4484ef3f,6
44ad3d52,2
44d705ea,5
450827f2,5
45c4f3ba,5
460785d6,1
4652e38b,5
46a0ec26,3
46d3eef2,4
46fd6467,2
4764d732,1
4781f4e1,5
47af7d9b,1
4886bcd8,2
48976d0a,2
489d6a51,1
48e19e9d,1
48f6c731,5
49464fc1,5
49e4ee68,4
4a87749f,5
4adbbbce,3
4b4f1bf5,4
4b616d4a,6
4b62ce0e,6
4b672715,1
4b7411bf,2
4c33c90b,4
4c91d7af,1
4d64a13c,1
4d65a08c,5
4d9d310f,1
4dd62e5f,4
4ddd4dad,1
4e2278a3,1
4e7053a1,4
4e80f97c,2
4e83c27f,6
4efb07ec,2
4fdbb676,4
50980dd1,1
50a0de01,6
50d48e7b,5
5114d44e,1
517b03f5,1
51cc6546,1
51df1ee0,5
527317de,5
52b2d1f1,6
52bca94d,6
5343c06b,1
5397d522,1
53c475af,5
5415d80d,1
541af218,4
544c9f07,2
555f769b,1
55785144,4
55e4a141,2
55fb7f48,6
565d05c2,5
56885fb4,1
56a0d515,5
56af5943,2
56e98ff7,5
56fb5e4a,1
5731fc6d,2
5778675f,5
57de7b44,5
5801e556,4
580adf9b,2
5818ab7b,5
58205b3f,4
5846b620,4
5857f29d,2
587cf070,1
589f8889,4
58ae385f,2
58e22a05,3
58e52b42,1
58f11026,4
5930e552,1
5950d694,1
59ae72da,1
5a90c2d0,1
5a988a55,2
5b006e05,6
5b135cb5,4
5b3fe714,5
5b4e1fe4,2
5b542624,5
5b9d16cb,1
5c58e075,2
5cb88892,6
5d7d37f6,5
5d9248d7,1
5da26ea4,1
5dc8f7ff,4
5dca8600,1
5dd93935,1
5e44cf78,1
5e5f9073,2
5e7fff38,4
5efbc935,6
5efd1197,1
5f1b1a8a,3
5f236ab7,2
5f4d543b,6
5f863afb,2
5fb8291a,5
5fdf7d81,5
603406ec,1
60533a61,4
61785928,5
61873b36,1
619a8034,1
61a42676,1
61cf3583,5
6213742c,1
62412369,2
62715519,1
62780e09,4
627dcfcd,1
6353c4de,6
63613452,1
63ad2bd5,3
63d52867,5
63e36d10,5
63e594c9,6
63f391ba,4
647ee9a6,6
6489e931,1
64ab2ef0,5
64dd018d,4
64de11c6,4
651abbdf,4
65246f6a,2
659986ef,1
65a9e4d0,1
65ada358,1
65b85d3d,1
66143837,4
6619b73d,5
6680d584,1
66837c2c,1
677a926c,1
679d9286,4
68551608,6
6893abb5,4
68fac301,5
68fdcf03,2
69984230,4
69bee4fe,1
6a5171d0,1
6a65faf9,4
6a91dc55,5
6aeae215,1
6af33c38,6
6b88f35a,5
6c00c135,6
6c5c43e4,6
6cffdcb9,5
6d6fa609,2
6dc68393,6
6dfd4667,1
6e25a811,5
6eb7f8e9,2
6f51680a,1
6f5c63b8,2
6f61272e,5
6f859dce,1
7049f25e,2
705ca7c4,5
70ebfa1c,1
71762c51,5
71a95f13,5
71e0ce25,6
72f91105,2
7306680f,4
73339a1a,5
735b3073,2
73b1285c,1
73dd0495,3
7478b44a,5
75839b86,4
75860641,4
75910200,5
762fbf07,5
7647384b,4
76c966d1,5
77114ead,6
776fb24b,5
7788c563,5
77b3815f,5
77b52edd,2
7813c091,6
783dd8d2,4
78b104d5,2
79ab4b01,6
79ca2f57,1
7a6e4840,5
7a6f5c7f,4
7a7b0c43,1
7a7b2673,5
7ad53807,5
7afec1c1,4
7b03b0a7,6
7b9894f6,6
7c2f4f67,2
7cb3b5ad,5
7cbd5a90,5
7d1e5224,1
7d2f1ff4,6
7d3a6911,5
7e5b3527,6
7eb7408d,4
7ed18891,4
7ed6a5a0,4
7f04f480,2
7f0daf9f,5
7f1fddfb,1
7f6f17d7,2
7f7a787d,1
7f82abaa,4
7f9b17e0,5
80b72e01,5
817a85ad,4
81a2eee9,4
81b0bfc0,1
820cb82b,6
82173044,5
821e1a32,2
8258106f,5
834bb33e,6
83b0f7c5,2
83c827f8,4
840d34b2,2
841357cd,1
8456729a,1
846dcd49,6
8554254b,5
857a0438,4
85892466,4
85bd20bd,2
85f81e29,2
8634343e,4
86574e4c,1
86d4153f,5
86fc0777,5
870922bf,5
871b0985,4
8866e622,6
88935240,1
88be9e99,5
88cb0716,5
88ff0db1,5
8927cc87,1
8979cfec,2
89ed6dd8,1
8a1f16cf,6
8a6029d9,5
8ab38780,5
8af90242,1
8b2d9c4a,1
8bb761b9,1
8bbf0225,1
8bd1c12f,2
8bda0daf,5
8c7ead95,6
8cf3d9ef,1
8d09faf3,1
8d6302f0,2
8dcfb0cc,4
8e7f82d5,5
8e810e73,5
8f2bcb84,6
8f4994ac,1
8fba9498,1
8fc2d564,5
8fdf5c81,5
90735eb0,5
90bcf10c,6
9195fc9a,5
91bae14f,2
9236e3a3,1
928c4415,5
92b19894,5
935a9390,2
9434f9dd,2
94e0d487,2
95186b83,6
9648d66b,1
96b5edf2,2
96c0c34a,2
9704b257,5
97820fe1,4
97be320f,5
9874f77d,5
98b62a14,1
99546278,6
99e4fd81,1
99f80a7b,2
9a0d4bfa,5
9a0f7757,6
9a6b91b4,6
9a6efce8,1
9b014932,6
9b28f3a9,3
9b5a9277,2
9b8a3f15,4
9bc7927d,1
9cad62f8,2
9d5b505d,5
9de016a3,6
9e0431f6,5
9e7b281c,1
9e95faaf,6
9ed1e27b,1
9f895295,1
9fa43ec9,1
9fd5b01b,6
a032620c,1
a04a6155,2
a0858338,5
a0a3282d,1
a1277568,3
a178ce5e,1
a1f9cc5e,1
a2bcf499,1
a33749e4,5
a39f485a,5
a3aa3f4d,1
a3c95751,4
a4c5f98a,5
a4ca9019,2
a50c9e5d,1
a51f53cd,1
a527f4fb,4
a55500b9,4
a5cb59e9,1
a5e15c06,2
a5e175de,1
a6e4f496,2
a777f344,1
a7de9bb3,1
a82c4941,5
a8603248,6
a9fb8117,6
aa2ad091,3
aa94b312,1
aafa15e8,4
ab1a9f55,5
ab48c804,1
aba1cb72,6
aba596df,1
abb1c0ec,2
abb9b560,5
ac1912bb,6
ac8ef48e,3
acda6929,4
ad170791,1
ad4376c9,5
adcbebae,5
addd2a2d,1
ae489a76,5
ae6f5420,4
aed1fb51,4
af2d1c36,2
afb00efe,5
afb834d4,6
afe6ba19,1
aff89004,3
affb7b01,2
b0316cc7,3
b0344e84,1
b05f3231,1
b05f7afc,6
b06db9b8,5
b07a87ae,6
b087865f,4
b0cf7ec0,3
b0e84aab,5
b1016b1e,1
b175cd14,1
b185a50c,1
b279d0b8,2
b303d693,1
b32db73c,1
b34a65bf,6
b37f9fd2,6
b393afc8,1
b3bd3de1,1
b432b247,2
b43a05e8,5
b4886102,5
b49ac61b,3
b4a50067,6
b4d5f3e9,1
b4e1f596,2
b5cda3c7,1
b6e8e22d,2
b724d6da,5
b7708c36,4
b7c4ae30,5
b894ed06,2
b91ba9f7,6
b932b656,1
b957b4f6,1
b978d389,6
b99416b0,2
b9bcc1b6,5
ba6fe18a,1
bab0283c,5
bac646b1,6
bacde219,1
bb6d039a,4
bbfc0e73,1
bc194f76,1
bc6f2e7a,5
bc73e76c,1
bcecff89,5
bcf1782c,5
bd622aa6,1
bdf3d6a4,5
bf4cf9d3,5
bff98df6,5
bffe4997,1
c12424a8,5
c14767d0,4
c1743831,1
c1a3caff,5
c1ac992a,5
c236f885,4
c23afdcb,5
c2435aed,1
c254fa4c,4
c27e782e,1
c2d420fb,5
c2db93e1,6
c2eb012c,6
c35a8630,5
c37d32d4,5
c3e5d1a3,5
c402cfa1,1
c421b129,3
c4287431,4
c44d1597,4
c4a3c045,1
c4f7aa7c,2
c56da695,5
c59bd696,4
c64e493d,4
c6976104,2
c7102b37,6
c77377da,5
c8553d19,1
c8691078,1
c8f0aa51,1
c950094a,5
ca7a9934,5
caba4991,1
cacb0ef4,1
caef3b83,6
caf7e252,2
cb1ed318,5
cb3288c1,5
cb7060ba,1
cb70e23e,5
cb77c155,5
cbbeac14,2
cc4ceefa,1
cc6d331d,6
cc71ae34,2
cd0cbccd,1
cd4482eb,2
cdf5050c,1
ce47a86c,1
ce6c0320,1
ceb068d9,4
cebe9e08,2
cf6846bb,5
cfbb0ba0,1
cfe0a461,5
d041a2c5,5
d0633761,6
d0b95b0d,1
d0c6a9ac,5
d0e81ed4,2
d13a8c88,5
d14f3838,3
d155b983,1
d1583082,3
d16bd47c,2
d258a47b,6
d27a5103,6
d2b16196,5
d2eb1402,5
d2fd3f32,1
d31a48c9,2
d38d39ac,1
d3d0097f,1
d3f05c77,5
d429b096,6
d4a3c9e4,2
d4bf5a16,6
d4d3f93c,3
d50c2293,1
d5453b35,1
d5505213,1
d55e70cb,6
d5ebdc59,1
d64cf0e4,2
d662341c,4
d6f4a3e9,4
d6f66940,5
d7018fae,6
d728ae44,6
d745d87e,2
d77841e6,2
d7a035b6,5
d7dfcaf7,1
d88ecec8,2
d8a242d0,5
d8eea93e,5
d975586e,6
d9895d86,5
d9bccaa9,6
da5210ad,1
dae68933,5
db7702e7,1
dbaae865,4
dbafe052,4
dbdc2322,1
dc13baa0,1
dc978fe0,1
dce208ae,4
dcff1f56,2
dd608fc8,2
dd739bdb,3
dd8226c4,1
dd883619,4
ddc2effc,5
ddefca0c,1
de5d5734,1
de684b0a,5
de908d1e,1
dec72f44,5
df125b76,4
df227763,2
df44e62e,2
df77eae3,1
df925943,1
dfb0d4b0,2
e0be5351,1
e1a31648,1
e2097dba,1
e20a3d15,5
e26a5a02,5
e2816918,3
e287afae,5
e2a4ca57,2
e2b4f30f,6
e3138fd6,1
e31b4466,2
e3967ea5,1
e3c6ef1f,1
e3f4f265,2
e40ef31e,6
e43dd897,2
e440b445,5
e478d2ef,3
e47e3333,2
e50c2f4c,5
e56d993b,5
e6298ce9,1
e640ea80,1
e6868d8c,4
e6dd7df3,5
e6f627db,2
e7b940f7,6
e7fb946d,1
e7fe38d1,1
e846d68d,1
e853d9c1,6
e8ad5c73,1
e9172a6a,1
e926200b,2
e9e117ef,6
eaf0200d,6
eb3d72c1,6
eb48635c,4
eb9f5e9f,2
ebbb2d94,6
ebbe800b,6
ebbf1737,1
ec879890,1
edbe99cf,1
ee166624,1
eeef0f17,2
ef292838,4
ef31dc78,6
ef536cca,4
efa7b541,1
f00fd74c,2
f03273ef,1
f05ac5c6,2
f08036c5,4
f0a07e2e,1
f0a87d00,1
f102e434,1
f1202b62,4
f1514104,5
f16c14af,2
f1ba722d,2
f1d910c3,4
f1e5dd5c,5
f22c6dab,4
f2b371e0,5
f2ec460c,6
f2fabaee,2
f3d07add,4
f42b90d9,5
f42f6cb7,2
f452a9d8,4
f49bbe43,2
f4bb779b,1
f4e891ce,1
f663a241,1
f68314ff,5
f6b9976e,6
f72d3105,4
f754b3de,1
f759cd79,1
f7c3997b,1
f8140a2c,2
f8149b37,4
f8266edc,1
f82c1b6d,1
f8c681c1,1
f8e14e9e,4
f91793a8,4
f93926e0,1
f9d3c92b,2
fa4b3e14,2
fa55cd25,1
fac730dd,5
fb1913f8,2
fb2eab2b,1
fb70b447,1
fbc13764,5
fbc80ea0,1
fc4c6670,5
fc4d7744,1
fda55817,1
fdb7c1d6,5
fe17a292,2
fead1902,2
fedbc7d6,1
ff194ba3,4
ff48d34d,4
ff6fe95f,6
ff9bc592,4
ffc68309,1
003069ff,1
003925df,1
007a1dbe,6
00c34365,5
00dd5d98,4
01f06049,6
0212bcec,6
02cc322b,5
02d09e98,5
02d5aece,1
02e23ac4,1
033f2389,2
03545853,5
0386740d,2
03a8ee86,1
044122e2,5
04442b5d,5
04b0660c,5
04d827f2,6
04fa7961,1
0508f264,4
050eee42,2
05352dcd,6
05db3951,2
06078c80,4
0635a0d2,4
06834d40,6
06965313,6
06b2286c,5
06e77c1c,5
06fb1f0b,4
077416e6,4
079b2194,4
07ad00ce,1
0807e4b7,5
084101af,1
08be802c,6
08d5e7d2,4
08d93882,1
09922b21,1
09c77187,1
09ee65b8,6
0a4e1c3d,5
0aa04515,3
0adff050,6
0aeafd6e,6
0b62d85b,6
0bedc761,6
0bfd898b,2
0bfe9c2c,6
0c0fe0e4,1
0c5a1314,4
0cb58beb,6
0ce03357,2
0cf2b7e2,2
0e0daedc,1
0e1c55fa,5
0eab7fd5,2
0eb54c47,5
0ed5bb30,6
0f127478,2
0fa27f2f,2
0fb0008e,2
0fb6bd55,2
115712ea,6
11676078,6
11696e57,5
11d5a143,1
12f005d1,2
13114054,4
134d0051,1
13572800,2
13970bd8,6
13a1399f,6
13a244df,1
140c37fe,1
144bb473,2
14916c83,1
1528f51b,5
1531be89,5
156702b9,1
15baa874,5
15c1b652,6
15c47aa0,1
1601121e,5
160a8f96,2
16530f11,2
166509f4,4
168d008a,5
1693cde7,1
16ee3a45,1
16f6e196,4
16f95e69,1
17c7f00b,1
194f1939,6
19a5e596,4
19b11ec9,4
1a47dc20,1
1a67c5fe,5
1a6f0d07,5
1ac695b0,5
1b0c5c27,1
1b763a70,6
1b7674c9,2
1bd693c9,2
1bfbce53,3
1cf02bf0,5
1d09911c,4
1dbb92f8,5
1dbcc757,4
1e43dd52,5
1e45ef06,5
1ecee7a0,6
1f561abc,2
1f7d0d54,1
1fe26f1a,2
1fe29bff,2
1fe865b1,5
1feb9517,6
20149299,4
207c343d,2
2183692a,1
21b77a05,5
21ca0a33,5
21dd69c3,6
22603f94,2
2268509e,2
22d81607,6
231e6019,2
23411472,2
234728f5,1
235a73c6,2
23e56883,2
23fb9685,1
243b1443,1
247d6bef,1
24a2475f,2
24ada6d4,6
2506b0d2,5
252e1784,2
255651f8,6
25b994ea,2
25bb8b1d,1
25e4c363,6
25f45c22,4
267a429a,5
268737bf,6
270efefa,5
2724373b,6
272e0fe4,4
272fcc81,6
27a0cb8a,6
27e0ce43,1
28aa6854,4
28ee2381,1
28f7b53f,5
2906e826,5
294dc1f7,1
299a9d69,2
29a4176a,2
29d0e9ac,5
29da77ad,1
29fcdb95,6
2a3cb7ca,5
2a43ea35,4
2a8f4789,5
2b0099c6,1
2b13f2ce,6
2b1fef31,5
2b252d09,6
2b5ca8ba,5
2b602ef8,4
2b949aa8,6
2bb68ab2,5
2bb95532,1
2bdc6c7f,2
2beea3d6,4
2c27d614,1
2c4f7071,5
2c6a8bb9,1
2caa8227,4
2d0c9bb8,4
2d11f7d8,5
2d2f11ba,3
2d529d3d,1
2d76ec13,5
2da9b933,1
2e2e92b1,1
2e48020a,1
2e541288,5
2e716524,1
2e872c30,1
2f40cfb9,6
2f75a323,1
2fd34a4b,1
2fdd7177,6
302b24eb,1
3041f4fa,1
304cd3d6,3
308b1d8a,2
30ea50c2,2
315a5b96,2
320d2ef0,2
3249ad4e,5
32b8b009,1
32ecb606,2
33be0318,5
33ce94c9,1
347a9ecf,2
34871606,6
34a3bc29,1
34be6ccb,5
34cc1d20,5
34fa118d,5
35030ab4,1
35596610,5
35ee25bf,6
3612c5f0,2
365da891,4
36c8a845,5
36d752bf,1
370856f4,4
370ed4a6,5
376b6f32,5
37ce70f1,5
37db7217,6
38d93b85,3
38e525b2,1
395b5233,4
39e42434,1
3a1051c4,1
3a2b3747,6
3a9e248d,1
3ab22449,1
3ac0f899,5
3af92e8d,1
3affa73c,5
3b3856c3,4
3b5b21ee,6
3b68c2f9,6
3bf3e4e5,6
3bf95a29,2
3c2129e5,2
3c9b08ab,2
3cc8836a,5
3ce763da,1
3d30dbf1,1
3d322202,2
3d729a14,4
3d86e251,5
3e20ac36,5
3e6a41a8,4
3ea66fa1,5
3f1b8c85,5
3f852c77,1
3fcab8f1,1
406440a7,2
4069fc8e,1
40bbf14d,5
40cbb22f,5
41b6f18f,1
42163a41,1
427c2c2a,4
447892d6,1
44826b32,1
449b4347,1
44f4147c,6
451fbdf9,2
4538ee15,1
45841f8d,1
45cc9e32,6
461941ed,4
4634229f,1
46a17d7d,1
46e01773,2
4736c1b7,4
4777e355,1
47af626f,1
47c3951e,5
47e58788,1
48009288,1
48763f67,2
4898b837,6
48a9ed62,2
48c1935e,4
48fdb3ba,5
49a05150,2
49b8ad24,4
49b9a859,1
49ca88a7,1
4a03121b,5
4a0c6e44,4
4a52b6c9,1
4a7c7ce9,1
4a8d345d,5
4ad14fc7,2
4af58f8c,1
4b31f1e9,1
4bd1c820,5
4c44152f,6
4c830a39,6
4c8d967e,3
4cd7eec2,1
4cddcfff,5
4d1c712c,2
4d3cf28f,1
4d60873f,5
4df4b0bb,2
4e4e4127,1
4e8005cb,5
4f223939,6
4f33db9b,6
4f8a5501,4
4fe7fea4,5
4fffb81d,1
50418a37,2
50620d5a,1
50972f7b,1
50b7beb6,2
50dcc4ab,1
50e294df,1
50ed7d6d,6
5110edd0,1
512222ae,5
512bd57e,2
5168f259,5
516eed68,5
517853b5,6
51947c5c,1
525f6aad,5
526d33e0,1
5382ff94,4
53f03147,2
542fe458,5
543f1841,1
54d9a859,1
54e6454d,1
5539c93c,2
558e1764,1
55a3358f,6
567083ec,5
5696c43f,1
56fcf2f4,2
57af1392,5
57c7b47a,6
57ede9d5,6
57f2f3b7,1
583b4a19,1
585312bd,6
589a9240,5
58fb4400,4
5900c2a6,3
5924157f,1
59354b7b,4
597a1b24,6
59e6a223,1
5a457147,6
5a610ea2,5
5a64bb49,4
5af5b503,1
5b015d3c,5
5b5cdf15,1
5b656f51,2
5b792455,5
5c7e9470,1
5cb97e3e,5
5cba83d8,5
5d5aa5b8,3
5e90801f,4
5e952982,2
5e957433,5
5ecfe102,2
5f2f98ec,1
61216861,5
6311ef3b,1
64192261,2
64291974,6
64a2fa16,2
64d76661,6
64d9b192,1
64fa6ee2,5
64fd73f7,6
65d2625a,4
65e9ce75,2
66173c53,1
6671c0c1,5
66dd35ed,1
67673770,2
67ecc6fe,5
67ff069a,2
688bc61c,1
68a9dad8,5
68daccb1,5
6944289f,5
6986ffd6,1
69b09483,5
69ba0b0f,2
6a460f1b,5
6a7e478a,5
6a97eadc,4
6afe8151,2
6b4d156b,6
6b70e716,4
6b7238eb,1
6bf9187a,1
6c38fb19,1
6c41806a,5
6c9ee169,1
6caa1d6d,5
6d212717,4
6d7417c1,6
6d7cf861,6
6da20a35,2
6e300f04,1
6e9089a6,4
6ebf647b,6
6efa2b54,1
6f52081e,4
6f87f260,1
6f9ec03f,2
6faaf026,5
6ff82e50,3
700198ee,5
701bf943,6
70604317,6
7080bb98,5
70892021,6
70e6e0a9,2
711b1dd9,4
713e7571,6
719d6433,6
71aded7f,5
71c223eb,1
72099d13,2
72c2ff64,1
72dff33b,2
73077edd,6
7426e94c,5
74416278,6
74701d57,1
7497ebe2,5
750f7853,2
75471821,5
754b3a63,2
7554e0b5,5
75cc8866,5
75da3a8f,1
764b1253,6
767ff0dd,2
768bbf5d,2
76b08573,2
7728db8c,3
77334e2f,5
7779d822,2
77aac6d8,1
77b1cb87,1
77cc07e6,1
784221a8,2
78516115,1
78aa466f,1
78bc1c82,1
78d2b36e,1
79e270e0,2
7a68d122,6
7ab2d636,4
7ae6fc29,1
7b732769,1
7b7dbbfb,1
7bfc0297,5
7c297acd,2
7c357f03,2
7c3fe48c,5
7c50340a,4
7cf48849,5
7d7154cf,5
7dcf3560,6
7e0a2e6a,4
7e671d7c,1
7f00a0c9,2
7fafb470,2
7fb450e7,2
803784a1,2
808e8de4,6
809107f5,4
80ab1269,1
8106826d,1
810a8292,4
816873b7,1
817ad508,6
819df91b,2
81a76fde,5
81b3f1f6,4
81b95cc9,5
820547e2,6
821809c8,2
8219ac08,4
821a8f3e,3
82d7d4c0,6
83137e06,6
833c1cd1,5
83e15fb1,3
843f5464,1
8499d931,5
84c483e0,1
859bc4f4,2
859c9cd6,5
85c1498e,5
86c95c02,4
86ce35d0,1
86ea9bbb,1
870d70de,2
8748a554,6
87c04acc,6
87e5629a,1
881d9438,2
883469da,5
887695df,4
88b61e62,5
88fff7b0,1
89087921,6
89ed6275,4
8a2377a8,6
8a29027a,2
8ab6baee,4
8b5efc96,6
8b80f9b7,1
8cc1e640,5
8ceefe77,5
8d58dabe,1
8d5e6095,2
8e0a67ce,5
8e3d81e3,5
8e55f572,5
8e9b73d9,6
8ebf6d52,5
8ede0dd1,2
8f18f929,1
8f46bf50,2
8f825711,2
8f93acf5,1
8fd0f397,2
90c7abae,4
91291c8e,5
918d7d8d,5
91d573e8,4
91fe19b5,4
9200c77a,6
921d49e4,4
9249e002,1
92bf4809,1
93343f89,6
937a4f16,3
938c940e,6
93a8ebd0,1
93d03faf,1
94f81e14,1
95275a03,5
95635000,5
95bb909b,6
95db1189,1
95e90839,5
95ebd5cb,6
96c274f2,6
96ebe575,5
973e37d6,1
977fa98a,2
97a005e5,1
97a03b8e,1
97e0184d,5
97fcb386,4
984d66c9,2
986dd444,6
988a9b6a,1
98a9b0b8,1
98d6d76d,5
98e617e3,6
9958162b,4
99709bf4,1
99739272,1
99c93310,1
99e09d46,2
9a03e6f2,5
9a17e8d8,2
9a2761b0,4
9a828463,1
9ac3b8f9,1
9b3e62cb,4
9b534b0e,2
9bc04077,5
9bc8e0d8,1
9bd6bb77,5
9c00732a,5
9c2685cf,5
9ccb9af9,6
9ce496d1,1
9d13b229,5
9d168815,5
9d4de952,6
9dd1f1b1,1
9e537759,5
9e8bc6e4,4
9f20f4d2,6
9f48be11,1
9fb65002,1
9fb748dd,6
a04cb159,6
a0e8b556,5
a10b3a55,5
a189d655,5
a18d989c,4
a1c5df91,1
a1f70f6e,2
a20960ab,1
a246bc80,5
a2a9ad6a,1
a3585241,5
a35f8230,6
a37073c5,5
a3831170,5
a4907724,6
a4d353e1,1
a4f3d8d0,4
a530b6c0,5
a55e1d2a,1
a59d11ae,1
a5addb0f,1
a6147381,1
a624fd48,1
a662d081,1
a6c9ff1d,5
a747e597,2
a77ac867,6
a7a8c3f9,5
a7cba478,2
a8086a07,5
a81768e6,6
a82ab60a,5
a85761e0,6
a86af55f,2
a87869da,6
a878a310,4
a87bc004,1
a8a3e907,6
a9066157,6
a92f4eb1,5
a98a9ff6,2
a9d9db54,4
a9e74c82,5
aa45db1c,1
aa6cde4b,3
aa8070bb,6
aab4d972,2
ab512ac2,1
ab8942d1,4
ab92e57f,1
abbb7537,6
ac351f0e,1
ac78c695,4
acb60a00,6
ad41ff4b,4
ad95ae47,2
adf9079c,4
ae2eabac,6
ae758762,5
ae933dc7,5
aee3b98e,6
af466731,5
af64eac3,1
af7ca8ec,5
af7e1cc3,5
afad5b99,4
b04f099b,4
b057fb15,5
b06a0393,1
b0d22927,1
b0f3cf28,2
b1607ed7,6
b166cc00,4
b267252c,5
b2fffeb4,1
b319ddae,4
b3fe3ed5,5
b4663441,4
b47ac94f,4
b4c1be0d,1
b4d32c17,5
b5081815,1
b52476c4,2
b5b0bcb9,2
b5c87e6c,1
b6629622,6
b6ae8d65,1
b76d3619,2
b824f592,1
b83f0d63,6
b8504f35,5
b88dfb0e,1
b903d264,5
b96e4103,2
b9bc323b,2
b9e7cd63,1
ba048988,2
ba145f71,1
ba3ee001,1
baf02440,6
bb9a25c7,6
bbce0a42,5
bc7b17ce,1
bcb8cb76,1
bd7a07f2,5
be05609d,2
be92dcf6,1
bf4ca25f,1
bff60571,1
c01fa466,2
c0486962,5
c0cb74c9,4
c16b6657,6
c248b4af,1
c258cd97,1
c2ff25e3,4
c3409b2a,1
c3491ae8,5
c3cdf550,6
c4eebef7,1
c565236d,1
c57c4aa2,6
c5f1b3ce,2
c637c676,1
c68830f5,6
c6bfd3eb,5
c742708e,1
c790d45f,5
c83bbe0d,1
c88653ea,6
c887235e,5
c8f33090,2
c91110d2,1
c92b9686,1
c9744cfc,3
caacb332,6
cab45804,6
cb4d4638,1
cb576616,5
cb7fa35b,1
cc1e2932,1
cc42f67a,2
cc988482,4
cca8a6a5,1
ccc720ed,2
cd2bf64c,4
cd54bd6b,4
cd9de663,1
ce65949b,5
ce6b6d96,2
cf0adfaa,2
cfbb6d8b,1
cfd795b6,4
cfe939fc,1
d08d6f22,5
d11571c6,1
d1650fa7,6
d1a23764,3
d1e09191,5
d22f5c3f,6
d2a28982,1
d2fb3bbd,2
d309197c,4
d35ef5be,5
d3740be6,1
d399d66e,6
d464cbc5,1
d4f2a340,1
d4fab2c6,1
d51334a3,5
d5817da5,1
d58828dc,5
d5eb1db0,2
d649db4d,1
d7b527eb,5
d7eb75ce,5
d824de0a,1
d854a2da,5
d867ec55,1
d86a9c2e,1
d8ece7e6,5
d954e955,5
d98def3b,2
d9bbd7d0,1
d9bef3f9,4
d9bf8509,5
d9d98126,5
d9feffec,5
da1c325c,1
da4ccc0d,6
db458ee4,4
dc7ac827,4
dcbda3e1,4
dcf94b1a,6
dd2cffba,2
dd3b12cc,2
dd4a2cad,1
dd86f233,4
de1411cb,4
de314335,1
de64fa25,1
deabbe47,1
dedeb10a,4
df20e708,5
df4b5623,6
dfe095ef,4
e006ad4b,5
e04f1115,2
e075b91f,4
e095c095,4
e0d6eaa9,6
e146a671,1
e1507166,5
e19465a0,2
e20bed6c,6
e23fa74d,4
e2ada138,1
e2e14b3c,2
e3013bf1,1
e3b5ce27,1
e42f2310,1
e438e42f,1
e4aa3c04,1
e4bda679,6
e4e10966,1
e50678ec,2
e50b5d69,1
e5541b95,1
e55fee90,5
e5968d51,5
e59e35ee,4
e59ec3cd,2
e5d918d2,5
e6309204,4
e67e08c6,5
e6adf804,1
e7157a69,6
e753d046,1
e846d951,2
e88703f4,5
e930a8d8,3
e9543818,6
e9c0cfec,6
ea180692,5
ea7e6352,5
eaad475b,1
eb0c570e,4
eb20b39b,1
ebe1f2f3,4
ebe35d13,5
ec1ce9ae,5
ec253217,1
ec4d0ca7,2
ec7f10d1,5
eca2313b,5
ed4cd4af,4
ed741946,2
eda09c57,2
edcd31cf,4
ee16231f,1
ee930b93,5
ee9d5e30,1
eed0d6bb,4
eef4c280,3
ef52ef13,1
ef609cce,1
ef64985e,5
efc00f5e,6
f0048532,6
f0360d49,5
f0f0bada,1
f1329828,4
f1d09b6c,5
f1dc3952,1
f2222e48,6
f27f0c82,1
f2c1bcca,1
f2cc2fc9,1
f330da84,5
f399a031,4
f3eb3eb8,1
f40eb6dc,1
f411267f,6
f44ff056,1
f4e6af80,5
f5258f48,6
f553d6b3,2
f58a3825,1
f59d9a2b,5
f5ba8108,5
f5d49aa5,1
f66de6f7,2
f6924edb,1
f6cebfed,6
f6e53c66,1
f71ba3a1,6
f76bfed2,2
f7be9e75,2
f803ee3f,1
f87c1b8b,1
f8b619c4,2
f8e1ffaf,4
f9331c57,5
f93d6d92,1
f95ecbc3,6
f9642bc6,6
f9a4c05e,1
f9bf1496,5
f9d35dba,6
fa00dcae,1
fa40cf2a,5
fa422b7e,2
fa6aa962,5
fa96f5ab,6
faf63c55,5
fb1c7a62,4
fb50a7bb,1
fb563ac2,2
fb5a7cfa,1
fb63829c,5
fbf39fcf,1
fc0c34dd,4
fc6c96c8,6
fc957c81,1
fd161f3b,2
fd226479,1
fd4409ba,6
fd53a7e7,1
fd75eb3d,5
fe02c3e9,2
fe05ebd2,1
fe277d5e,1
fe7b191d,1
feb3ba66,1
ff3161b5,4
ffacb134,2
